<beans xmlns="http://www.springframework.org/schema/beans"
    xmlns:context="http://www.springframework.org/schema/context"
    xmlns:xsi="http://www.w3.org/2001/XMLSchema-instance" xmlns:p="http://www.springframework.org/schema/p"
    xmlns:tx="http://www.springframework.org/schema/tx"
    xmlns:mvc="http://www.springframework.org/schema/mvc"
    xsi:schemaLocation="
         http://www.springframework.org/schema/beans
         http://www.springframework.org/schema/beans/spring-beans-4.0.xsd
         http://www.springframework.org/schema/context
         http://www.springframework.org/schema/context/spring-context-4.0.xsd
         http://www.springframework.org/schema/tx
         http://www.springframework.org/schema/tx/spring-tx-4.0.xsd
         http://www.springframework.org/schema/aop
         http://www.springframework.org/schema/aop/spring-aop-4.0.xsd
         http://www.springframework.org/schema/mvc
         http://www.springframework.org/schema/mvc/spring-mvc-4.0.xsd">
	<!-- DispatcherServlet Context: defines this servlet's request-processing 
		infrastructure -->

	<!-- Enables the Spring MVC @Controller programming model -->
	<mvc:annotation-driven />
	<context:component-scan base-package="com.empower.ecom" />

	<!-- Resolves views selected for rendering by @Controllers to .jsp resources 
		in the /WEB-INF/views directory -->
	<bean class="org.springframework.web.servlet.view.InternalResourceViewResolver">
        <property name="prefix">
            <value>/WEB-INF/views/</value>
        </property>
        <property name="suffix">
            <value>.jsp</value>
        </property>
	</bean>
	
	<bean id="dmds" class="org.springframework.jdbc.datasource.DriverManagerDataSource">
		<property name="driverClassName" value="org.h2.Driver" />
		<property name="url" value="jdbc:h2:file:./data/sampledata" />
		<property name="username" value="sa" />
		<property name="password" value="" />
	</bean>
	
	<bean id="jt" class="org.springframework.jdbc.core.JdbcTemplate">
		<property name="dataSource" ref="dmds" />
	</bean>
	
	<bean id="pdao" class="com.empower.ecom.model.ProductDaoImpl">
		<property name="jt" ref="jt" />
	</bean>
	
</beans>